Handle,Title,Body (HTML),Vendor,Product Category,Type,Tags,Published,Option1 Name,Option1 Value,Option2 Name,Option2 Value,Option3 Name,Option3 Value,Variant SKU,Variant Grams,Variant Inventory Tracker,Variant Inventory Qty,Variant Inventory Policy,Variant Fulfillment Service,Variant Price,Variant Compare At Price,Variant Requires Shipping,Variant Taxable,Variant Barcode,Image Src,Image Position,Image Alt Text,Gift Card,Status
bella-diamond-gray-shadow,Bella Diamond Gray Shadow Contact Lenses,"<p>Seductive gray shade with a soft limbal ring for an enchanting eye enlargement look.</p><p dir=""rtl"" lang=""ar"">درجة رمادية ساحرة مع تحديد ناعم لتوسيع شكل العين وإبراز جمالها الطبيعي.</p><ul><li><strong>Replacement Schedule:</strong> 3 MONTHS</li><li><strong>Pack Size:</strong> 2 Lenses</li><li><strong>Base Curve (BC):</strong> 8.6 mm</li><li><strong>Diameter (DIA):</strong> 14.5 mm</li><li><strong>Water Content:</strong> 38%</li><li><strong>Color:</strong> Gray Shadow (جراي شادو)</li></ul>",Bella,Health & Beauty > Personal Care > Vision Care,Colored Contact Lenses,"EyeNova, Qatar Luxury, Doha, colored-lenses, beauty, cosmetic, Bella",TRUE,Power / Sphere (SPH),Plano (0.00),,,,,BEL-DIA-GRY-01-0_00,100,shopify,50,deny,manual,130,145,TRUE,FALSE,,https://images.unsplash.com/photo-1534528741775-53994a69daeb?w=600&auto=format&fit=crop,1,Bella Diamond Gray Shadow Contact Lenses,FALSE,active
bella-diamond-gray-shadow,,,,,,,,Power / Sphere (SPH),-0.50,,,,,BEL-DIA-GRY-01--0_50,100,shopify,50,deny,manual,130,145,TRUE,FALSE,,,,,FALSE,active
bella-diamond-gray-shadow,,,,,,,,Power / Sphere (SPH),-0.75,,,,,BEL-DIA-GRY-01--0_75,100,shopify,50,deny,manual,130,145,TRUE,FALSE,,,,,FALSE,active
bella-diamond-gray-shadow,,,,,,,,Power / Sphere (SPH),-1.00,,,,,BEL-DIA-GRY-01--1_00,100,shopify,50,deny,manual,130,145,TRUE,FALSE,,,,,FALSE,active
bella-diamond-gray-shadow,,,,,,,,Power / Sphere (SPH),-1.25,,,,,BEL-DIA-GRY-01--1_25,100,shopify,50,deny,manual,130,145,TRUE,FALSE,,,,,FALSE,active
bella-diamond-gray-shadow,,,,,,,,Power / Sphere (SPH),-1.50,,,,,BEL-DIA-GRY-01--1_50,100,shopify,50,deny,manual,130,145,TRUE,FALSE,,,,,FALSE,active
bella-diamond-gray-shadow,,,,,,,,Power / Sphere (SPH),-1.75,,,,,BEL-DIA-GRY-01--1_75,100,shopify,50,deny,manual,130,145,TRUE,FALSE,,,,,FALSE,active
bella-diamond-gray-shadow,,,,,,,,Power / Sphere (SPH),-2.00,,,,,BEL-DIA-GRY-01--2_00,100,shopify,50,deny,manual,130,145,TRUE,FALSE,,,,,FALSE,active
bella-diamond-gray-shadow,,,,,,,,Power / Sphere (SPH),-2.25,,,,,BEL-DIA-GRY-01--2_25,100,shopify,50,deny,manual,130,145,TRUE,FALSE,,,,,FALSE,active
bella-diamond-gray-shadow,,,,,,,,Power / Sphere (SPH),-2.50,,,,,BEL-DIA-GRY-01--2_50,100,shopify,50,deny,manual,130,145,TRUE,FALSE,,,,,FALSE,active
bella-diamond-gray-shadow,,,,,,,,Power / Sphere (SPH),-2.75,,,,,BEL-DIA-GRY-01--2_75,100,shopify,50,deny,manual,130,145,TRUE,FALSE,,,,,FALSE,active
bella-diamond-gray-shadow,,,,,,,,Power / Sphere (SPH),-3.00,,,,,BEL-DIA-GRY-01--3_00,100,shopify,50,deny,manual,130,145,TRUE,FALSE,,,,,FALSE,active
bella-diamond-gray-shadow,,,,,,,,Power / Sphere (SPH),-3.50,,,,,BEL-DIA-GRY-01--3_50,100,shopify,50,deny,manual,130,145,TRUE,FALSE,,,,,FALSE,active
bella-diamond-gray-shadow,,,,,,,,Power / Sphere (SPH),-4.00,,,,,BEL-DIA-GRY-01--4_00,100,shopify,50,deny,manual,130,145,TRUE,FALSE,,,,,FALSE,active
bella-diamond-gray-shadow,,,,,,,,Power / Sphere (SPH),-4.50,,,,,BEL-DIA-GRY-01--4_50,100,shopify,50,deny,manual,130,145,TRUE,FALSE,,,,,FALSE,active
bella-diamond-gray-shadow,,,,,,,,Power / Sphere (SPH),-5.00,,,,,BEL-DIA-GRY-01--5_00,100,shopify,50,deny,manual,130,145,TRUE,FALSE,,,,,FALSE,active
bella-diamond-gray-shadow,,,,,,,,Power / Sphere (SPH),-6.00,,,,,BEL-DIA-GRY-01--6_00,100,shopify,50,deny,manual,130,145,TRUE,FALSE,,,,,FALSE,active
bella-elite-sandy-brown,Bella Elite Sandy Brown Contact Lenses,"<p>Subtle blend of soft warm brown tones inspired by Arabian desert dunes.</p><p dir=""rtl"" lang=""ar"">مزيج ناعم من درجات البني الدافئ المستوحى من رمال الصحراء العربية.</p><ul><li><strong>Replacement Schedule:</strong> 3 MONTHS</li><li><strong>Pack Size:</strong> 2 Lenses</li><li><strong>Base Curve (BC):</strong> 8.6 mm</li><li><strong>Diameter (DIA):</strong> 14.5 mm</li><li><strong>Water Content:</strong> 38%</li><li><strong>Color:</strong> Sandy Brown (ساندي براون)</li></ul>",Bella,Health & Beauty > Personal Care > Vision Care,Colored Contact Lenses,"EyeNova, Qatar Luxury, Doha, colored-lenses, beauty, cosmetic, Bella",TRUE,Power / Sphere (SPH),Plano (0.00),,,,,BEL-ELT-SND-02-0_00,100,shopify,45,deny,manual,135,150,TRUE,FALSE,,https://images.unsplash.com/photo-1544005313-94ddf0286df2?w=600&auto=format&fit=crop,1,Bella Elite Sandy Brown Contact Lenses,FALSE,active
bella-elite-sandy-brown,,,,,,,,Power / Sphere (SPH),-0.50,,,,,BEL-ELT-SND-02--0_50,100,shopify,45,deny,manual,135,150,TRUE,FALSE,,,,,FALSE,active
bella-elite-sandy-brown,,,,,,,,Power / Sphere (SPH),-1.00,,,,,BEL-ELT-SND-02--1_00,100,shopify,45,deny,manual,135,150,TRUE,FALSE,,,,,FALSE,active
bella-elite-sandy-brown,,,,,,,,Power / Sphere (SPH),-1.50,,,,,BEL-ELT-SND-02--1_50,100,shopify,45,deny,manual,135,150,TRUE,FALSE,,,,,FALSE,active
bella-elite-sandy-brown,,,,,,,,Power / Sphere (SPH),-2.00,,,,,BEL-ELT-SND-02--2_00,100,shopify,45,deny,manual,135,150,TRUE,FALSE,,,,,FALSE,active
bella-elite-sandy-brown,,,,,,,,Power / Sphere (SPH),-2.50,,,,,BEL-ELT-SND-02--2_50,100,shopify,45,deny,manual,135,150,TRUE,FALSE,,,,,FALSE,active
bella-elite-sandy-brown,,,,,,,,Power / Sphere (SPH),-3.00,,,,,BEL-ELT-SND-02--3_00,100,shopify,45,deny,manual,135,150,TRUE,FALSE,,,,,FALSE,active
bella-elite-sandy-brown,,,,,,,,Power / Sphere (SPH),-3.50,,,,,BEL-ELT-SND-02--3_50,100,shopify,45,deny,manual,135,150,TRUE,FALSE,,,,,FALSE,active
bella-elite-sandy-brown,,,,,,,,Power / Sphere (SPH),-4.00,,,,,BEL-ELT-SND-02--4_00,100,shopify,45,deny,manual,135,150,TRUE,FALSE,,,,,FALSE,active
bella-elite-sandy-brown,,,,,,,,Power / Sphere (SPH),-5.00,,,,,BEL-ELT-SND-02--5_00,100,shopify,45,deny,manual,135,150,TRUE,FALSE,,,,,FALSE,active
lensme-caffe-brown,Lensme Caffe Natural Warm Brown Lenses,"<p>Warm coffee brown tone designed for dark Middle Eastern eyes with seamless blending.</p><p dir=""rtl"" lang=""ar"">درجة البني الدافئ كافيه المصممة خصيصاً للعيون العربية الداكنة.</p><ul><li><strong>Replacement Schedule:</strong> 6 MONTHS</li><li><strong>Pack Size:</strong> 2 Lenses</li><li><strong>Base Curve (BC):</strong> 8.6 mm</li><li><strong>Diameter (DIA):</strong> 14.2 mm</li><li><strong>Water Content:</strong> 38%</li><li><strong>Color:</strong> Caffe Brown (كافيه بني)</li></ul>",Lensme,Health & Beauty > Personal Care > Vision Care,Colored Contact Lenses,"EyeNova, Qatar Luxury, Doha, colored-lenses, beauty, cosmetic, Lensme",TRUE,Power / Sphere (SPH),Plano (0.00),,,,,LNS-CAF-BRN-03-0_00,100,shopify,40,deny,manual,145,160,TRUE,FALSE,,https://images.unsplash.com/photo-1517841905240-472988babdf9?w=600&auto=format&fit=crop,1,Lensme Caffe Natural Warm Brown Lenses,FALSE,active
lensme-caffe-brown,,,,,,,,Power / Sphere (SPH),-0.50,,,,,LNS-CAF-BRN-03--0_50,100,shopify,40,deny,manual,145,160,TRUE,FALSE,,,,,FALSE,active
lensme-caffe-brown,,,,,,,,Power / Sphere (SPH),-0.75,,,,,LNS-CAF-BRN-03--0_75,100,shopify,40,deny,manual,145,160,TRUE,FALSE,,,,,FALSE,active
lensme-caffe-brown,,,,,,,,Power / Sphere (SPH),-1.00,,,,,LNS-CAF-BRN-03--1_00,100,shopify,40,deny,manual,145,160,TRUE,FALSE,,,,,FALSE,active
lensme-caffe-brown,,,,,,,,Power / Sphere (SPH),-1.50,,,,,LNS-CAF-BRN-03--1_50,100,shopify,40,deny,manual,145,160,TRUE,FALSE,,,,,FALSE,active
lensme-caffe-brown,,,,,,,,Power / Sphere (SPH),-2.00,,,,,LNS-CAF-BRN-03--2_00,100,shopify,40,deny,manual,145,160,TRUE,FALSE,,,,,FALSE,active
lensme-caffe-brown,,,,,,,,Power / Sphere (SPH),-2.50,,,,,LNS-CAF-BRN-03--2_50,100,shopify,40,deny,manual,145,160,TRUE,FALSE,,,,,FALSE,active
lensme-caffe-brown,,,,,,,,Power / Sphere (SPH),-3.00,,,,,LNS-CAF-BRN-03--3_00,100,shopify,40,deny,manual,145,160,TRUE,FALSE,,,,,FALSE,active
lensme-caffe-brown,,,,,,,,Power / Sphere (SPH),-3.50,,,,,LNS-CAF-BRN-03--3_50,100,shopify,40,deny,manual,145,160,TRUE,FALSE,,,,,FALSE,active
lensme-caffe-brown,,,,,,,,Power / Sphere (SPH),-4.00,,,,,LNS-CAF-BRN-03--4_00,100,shopify,40,deny,manual,145,160,TRUE,FALSE,,,,,FALSE,active
lensme-caffe-brown,,,,,,,,Power / Sphere (SPH),-5.00,,,,,LNS-CAF-BRN-03--5_00,100,shopify,40,deny,manual,145,160,TRUE,FALSE,,,,,FALSE,active
lensme-caramel,Lensme Caramel Golden Hazel Lenses,"<p>Top-selling radiant golden caramel shade that brightens deep eyes effortlessly.</p><p dir=""rtl"" lang=""ar"">اللون الكراميل الذهبي الأكثر مبيعاً الذي يمنح العيون إشراقة ساحرة.</p><ul><li><strong>Replacement Schedule:</strong> 6 MONTHS</li><li><strong>Pack Size:</strong> 2 Lenses</li><li><strong>Base Curve (BC):</strong> 8.6 mm</li><li><strong>Diameter (DIA):</strong> 14.2 mm</li><li><strong>Water Content:</strong> 38%</li><li><strong>Color:</strong> Caramel (كراميل)</li></ul>",Lensme,Health & Beauty > Personal Care > Vision Care,Colored Contact Lenses,"EyeNova, Qatar Luxury, Doha, colored-lenses, beauty, cosmetic, Lensme",TRUE,Power / Sphere (SPH),Plano (0.00),,,,,LNS-CAR-04-0_00,100,shopify,60,deny,manual,145,160,TRUE,FALSE,,https://images.unsplash.com/photo-1524504388940-b1c1722653e1?w=600&auto=format&fit=crop,1,Lensme Caramel Golden Hazel Lenses,FALSE,active
lensme-caramel,,,,,,,,Power / Sphere (SPH),-0.50,,,,,LNS-CAR-04--0_50,100,shopify,60,deny,manual,145,160,TRUE,FALSE,,,,,FALSE,active
lensme-caramel,,,,,,,,Power / Sphere (SPH),-1.00,,,,,LNS-CAR-04--1_00,100,shopify,60,deny,manual,145,160,TRUE,FALSE,,,,,FALSE,active
lensme-caramel,,,,,,,,Power / Sphere (SPH),-1.50,,,,,LNS-CAR-04--1_50,100,shopify,60,deny,manual,145,160,TRUE,FALSE,,,,,FALSE,active
lensme-caramel,,,,,,,,Power / Sphere (SPH),-2.00,,,,,LNS-CAR-04--2_00,100,shopify,60,deny,manual,145,160,TRUE,FALSE,,,,,FALSE,active
lensme-caramel,,,,,,,,Power / Sphere (SPH),-2.50,,,,,LNS-CAR-04--2_50,100,shopify,60,deny,manual,145,160,TRUE,FALSE,,,,,FALSE,active
lensme-caramel,,,,,,,,Power / Sphere (SPH),-3.00,,,,,LNS-CAR-04--3_00,100,shopify,60,deny,manual,145,160,TRUE,FALSE,,,,,FALSE,active
lensme-caramel,,,,,,,,Power / Sphere (SPH),-3.50,,,,,LNS-CAR-04--3_50,100,shopify,60,deny,manual,145,160,TRUE,FALSE,,,,,FALSE,active
lensme-caramel,,,,,,,,Power / Sphere (SPH),-4.00,,,,,LNS-CAR-04--4_00,100,shopify,60,deny,manual,145,160,TRUE,FALSE,,,,,FALSE,active
lensme-caramel,,,,,,,,Power / Sphere (SPH),-5.00,,,,,LNS-CAR-04--5_00,100,shopify,60,deny,manual,145,160,TRUE,FALSE,,,,,FALSE,active
amara-toffee-hazel,Amara Toffee Hazel Contact Lenses,"<p>Rich caramel & honey hazel tone endorsed by Middle Eastern celebrity makeup artists.</p><p dir=""rtl"" lang=""ar"">درجة العسلي والكراميل الغنية المفضلة لدى أخصائيي المكياج في الخليج.</p><ul><li><strong>Replacement Schedule:</strong> MONTHLY</li><li><strong>Pack Size:</strong> 2 Lenses</li><li><strong>Base Curve (BC):</strong> 8.7 mm</li><li><strong>Diameter (DIA):</strong> 14.5 mm</li><li><strong>Water Content:</strong> 38%</li><li><strong>Color:</strong> Toffee Hazel (توفي عسلي)</li></ul>",Amara,Health & Beauty > Personal Care > Vision Care,Colored Contact Lenses,"EyeNova, Qatar Luxury, Doha, colored-lenses, beauty, cosmetic, Amara",TRUE,Power / Sphere (SPH),Plano (0.00),,,,,AMR-TOF-HZL-05-0_00,100,shopify,65,deny,manual,140,155,TRUE,FALSE,,https://images.unsplash.com/photo-1508214751196-bcfd4ca60f91?w=600&auto=format&fit=crop,1,Amara Toffee Hazel Contact Lenses,FALSE,active
amara-toffee-hazel,,,,,,,,Power / Sphere (SPH),-0.50,,,,,AMR-TOF-HZL-05--0_50,100,shopify,65,deny,manual,140,155,TRUE,FALSE,,,,,FALSE,active
amara-toffee-hazel,,,,,,,,Power / Sphere (SPH),-1.00,,,,,AMR-TOF-HZL-05--1_00,100,shopify,65,deny,manual,140,155,TRUE,FALSE,,,,,FALSE,active
amara-toffee-hazel,,,,,,,,Power / Sphere (SPH),-1.50,,,,,AMR-TOF-HZL-05--1_50,100,shopify,65,deny,manual,140,155,TRUE,FALSE,,,,,FALSE,active
amara-toffee-hazel,,,,,,,,Power / Sphere (SPH),-2.00,,,,,AMR-TOF-HZL-05--2_00,100,shopify,65,deny,manual,140,155,TRUE,FALSE,,,,,FALSE,active
amara-toffee-hazel,,,,,,,,Power / Sphere (SPH),-2.50,,,,,AMR-TOF-HZL-05--2_50,100,shopify,65,deny,manual,140,155,TRUE,FALSE,,,,,FALSE,active
amara-toffee-hazel,,,,,,,,Power / Sphere (SPH),-3.00,,,,,AMR-TOF-HZL-05--3_00,100,shopify,65,deny,manual,140,155,TRUE,FALSE,,,,,FALSE,active
amara-toffee-hazel,,,,,,,,Power / Sphere (SPH),-4.00,,,,,AMR-TOF-HZL-05--4_00,100,shopify,65,deny,manual,140,155,TRUE,FALSE,,,,,FALSE,active
amara-toffee-hazel,,,,,,,,Power / Sphere (SPH),-5.00,,,,,AMR-TOF-HZL-05--5_00,100,shopify,65,deny,manual,140,155,TRUE,FALSE,,,,,FALSE,active
diva-amande,Diva Amande Natural Olive Brown Lenses,"<p>Elegant hazel-olive shade with high oxygen permeability for all-day comfort.</p><p dir=""rtl"" lang=""ar"">لون زيتوني عسلي أنيق مع نفاذية عالية للأكسجين لراحة تدوم طوال اليوم.</p><ul><li><strong>Replacement Schedule:</strong> MONTHLY</li><li><strong>Pack Size:</strong> 2 Lenses</li><li><strong>Base Curve (BC):</strong> 8.6 mm</li><li><strong>Diameter (DIA):</strong> 14.5 mm</li><li><strong>Water Content:</strong> 43%</li><li><strong>Color:</strong> Amande Olive (اماند)</li></ul>",Diva,Health & Beauty > Personal Care > Vision Care,Colored Contact Lenses,"EyeNova, Qatar Luxury, Doha, colored-lenses, beauty, cosmetic, Diva",TRUE,Power / Sphere (SPH),Plano (0.00),,,,,DIV-AMD-06-0_00,100,shopify,40,deny,manual,150,,TRUE,FALSE,,https://images.unsplash.com/photo-1494790108377-be9c29b29330?w=600&auto=format&fit=crop,1,Diva Amande Natural Olive Brown Lenses,FALSE,active
diva-amande,,,,,,,,Power / Sphere (SPH),-0.50,,,,,DIV-AMD-06--0_50,100,shopify,40,deny,manual,150,,TRUE,FALSE,,,,,FALSE,active
diva-amande,,,,,,,,Power / Sphere (SPH),-1.00,,,,,DIV-AMD-06--1_00,100,shopify,40,deny,manual,150,,TRUE,FALSE,,,,,FALSE,active
diva-amande,,,,,,,,Power / Sphere (SPH),-1.50,,,,,DIV-AMD-06--1_50,100,shopify,40,deny,manual,150,,TRUE,FALSE,,,,,FALSE,active
diva-amande,,,,,,,,Power / Sphere (SPH),-2.00,,,,,DIV-AMD-06--2_00,100,shopify,40,deny,manual,150,,TRUE,FALSE,,,,,FALSE,active
diva-amande,,,,,,,,Power / Sphere (SPH),-2.50,,,,,DIV-AMD-06--2_50,100,shopify,40,deny,manual,150,,TRUE,FALSE,,,,,FALSE,active
diva-amande,,,,,,,,Power / Sphere (SPH),-3.00,,,,,DIV-AMD-06--3_00,100,shopify,40,deny,manual,150,,TRUE,FALSE,,,,,FALSE,active
diva-amande,,,,,,,,Power / Sphere (SPH),-3.50,,,,,DIV-AMD-06--3_50,100,shopify,40,deny,manual,150,,TRUE,FALSE,,,,,FALSE,active
diva-amande,,,,,,,,Power / Sphere (SPH),-4.00,,,,,DIV-AMD-06--4_00,100,shopify,40,deny,manual,150,,TRUE,FALSE,,,,,FALSE,active
1-day-acuvue-moist,1 Day Acuvue Moist,"<p>LACREON technology keeps moisture locked in for 16 hours of daily wear comfort.</p><p dir=""rtl"" lang=""ar"">تقنية الترطيب الفائق الممتد طوال اليوم لحماية العين من الجفاف في طقس قطر الحار.</p><ul><li><strong>Replacement Schedule:</strong> DAILY DISPOSABLE</li><li><strong>Pack Size:</strong> 30 Lenses</li><li><strong>Base Curve (BC):</strong> 8.5 mm</li><li><strong>Diameter (DIA):</strong> 14.2 mm</li><li><strong>Water Content:</strong> 58%</li></ul>",Acuvue,Health & Beauty > Personal Care > Vision Care,Medical Contact Lenses,"EyeNova, Qatar Luxury, Doha, clear-lenses, vision-correction, medical, Acuvue",TRUE,Power / Sphere (SPH),-0.50,,,,,ACU-MST-30PK--0_50,100,shopify,120,deny,manual,159,,TRUE,FALSE,,https://images.unsplash.com/photo-1588776814546-1ffcf47267a5?w=600&auto=format&fit=crop,1,1 Day Acuvue Moist,FALSE,active
1-day-acuvue-moist,,,,,,,,Power / Sphere (SPH),-0.75,,,,,ACU-MST-30PK--0_75,100,shopify,120,deny,manual,159,,TRUE,FALSE,,,,,FALSE,active
1-day-acuvue-moist,,,,,,,,Power / Sphere (SPH),-1.00,,,,,ACU-MST-30PK--1_00,100,shopify,120,deny,manual,159,,TRUE,FALSE,,,,,FALSE,active
1-day-acuvue-moist,,,,,,,,Power / Sphere (SPH),-1.25,,,,,ACU-MST-30PK--1_25,100,shopify,120,deny,manual,159,,TRUE,FALSE,,,,,FALSE,active
1-day-acuvue-moist,,,,,,,,Power / Sphere (SPH),-1.50,,,,,ACU-MST-30PK--1_50,100,shopify,120,deny,manual,159,,TRUE,FALSE,,,,,FALSE,active
1-day-acuvue-moist,,,,,,,,Power / Sphere (SPH),-1.75,,,,,ACU-MST-30PK--1_75,100,shopify,120,deny,manual,159,,TRUE,FALSE,,,,,FALSE,active
1-day-acuvue-moist,,,,,,,,Power / Sphere (SPH),-2.00,,,,,ACU-MST-30PK--2_00,100,shopify,120,deny,manual,159,,TRUE,FALSE,,,,,FALSE,active
1-day-acuvue-moist,,,,,,,,Power / Sphere (SPH),-2.25,,,,,ACU-MST-30PK--2_25,100,shopify,120,deny,manual,159,,TRUE,FALSE,,,,,FALSE,active
1-day-acuvue-moist,,,,,,,,Power / Sphere (SPH),-2.50,,,,,ACU-MST-30PK--2_50,100,shopify,120,deny,manual,159,,TRUE,FALSE,,,,,FALSE,active
1-day-acuvue-moist,,,,,,,,Power / Sphere (SPH),-2.75,,,,,ACU-MST-30PK--2_75,100,shopify,120,deny,manual,159,,TRUE,FALSE,,,,,FALSE,active
1-day-acuvue-moist,,,,,,,,Power / Sphere (SPH),-3.00,,,,,ACU-MST-30PK--3_00,100,shopify,120,deny,manual,159,,TRUE,FALSE,,,,,FALSE,active
1-day-acuvue-moist,,,,,,,,Power / Sphere (SPH),-3.25,,,,,ACU-MST-30PK--3_25,100,shopify,120,deny,manual,159,,TRUE,FALSE,,,,,FALSE,active
1-day-acuvue-moist,,,,,,,,Power / Sphere (SPH),-3.50,,,,,ACU-MST-30PK--3_50,100,shopify,120,deny,manual,159,,TRUE,FALSE,,,,,FALSE,active
1-day-acuvue-moist,,,,,,,,Power / Sphere (SPH),-3.75,,,,,ACU-MST-30PK--3_75,100,shopify,120,deny,manual,159,,TRUE,FALSE,,,,,FALSE,active
1-day-acuvue-moist,,,,,,,,Power / Sphere (SPH),-4.00,,,,,ACU-MST-30PK--4_00,100,shopify,120,deny,manual,159,,TRUE,FALSE,,,,,FALSE,active
1-day-acuvue-moist,,,,,,,,Power / Sphere (SPH),-4.50,,,,,ACU-MST-30PK--4_50,100,shopify,120,deny,manual,159,,TRUE,FALSE,,,,,FALSE,active
1-day-acuvue-moist,,,,,,,,Power / Sphere (SPH),-5.00,,,,,ACU-MST-30PK--5_00,100,shopify,120,deny,manual,159,,TRUE,FALSE,,,,,FALSE,active
1-day-acuvue-moist,,,,,,,,Power / Sphere (SPH),-5.50,,,,,ACU-MST-30PK--5_50,100,shopify,120,deny,manual,159,,TRUE,FALSE,,,,,FALSE,active
1-day-acuvue-moist,,,,,,,,Power / Sphere (SPH),-6.00,,,,,ACU-MST-30PK--6_00,100,shopify,120,deny,manual,159,,TRUE,FALSE,,,,,FALSE,active
1-day-acuvue-moist,,,,,,,,Power / Sphere (SPH),-7.00,,,,,ACU-MST-30PK--7_00,100,shopify,120,deny,manual,159,,TRUE,FALSE,,,,,FALSE,active
1-day-acuvue-moist,,,,,,,,Power / Sphere (SPH),-8.00,,,,,ACU-MST-30PK--8_00,100,shopify,120,deny,manual,159,,TRUE,FALSE,,,,,FALSE,active
1-day-acuvue-define-vivid-style,1 Day Acuvue Define Vivid Style,"<p>Subtle limbal ring definition that enhances the natural beauty of dark eyes.</p><p dir=""rtl"" lang=""ar"">تحديد طبيعي يعزز إشراقة وتألق العيون مع حماية وترطيب فائق.</p><ul><li><strong>Replacement Schedule:</strong> DAILY DISPOSABLE</li><li><strong>Pack Size:</strong> 30 Lenses</li><li><strong>Base Curve (BC):</strong> 8.5 mm</li><li><strong>Diameter (DIA):</strong> 14.2 mm</li><li><strong>Water Content:</strong> 58%</li></ul>",Acuvue,Health & Beauty > Personal Care > Vision Care,Colored Contact Lenses,"EyeNova, Qatar Luxury, Doha, colored-lenses, beauty, cosmetic, Acuvue",TRUE,Power / Sphere (SPH),Plano (0.00),,,,,ACU-DEF-VIV-30PK-0_00,100,shopify,50,deny,manual,215,,TRUE,FALSE,,https://images.unsplash.com/photo-1588776814546-1ffcf47267a5?w=600&auto=format&fit=crop,1,1 Day Acuvue Define Vivid Style,FALSE,active
1-day-acuvue-define-vivid-style,,,,,,,,Power / Sphere (SPH),-0.50,,,,,ACU-DEF-VIV-30PK--0_50,100,shopify,50,deny,manual,215,,TRUE,FALSE,,,,,FALSE,active
1-day-acuvue-define-vivid-style,,,,,,,,Power / Sphere (SPH),-1.00,,,,,ACU-DEF-VIV-30PK--1_00,100,shopify,50,deny,manual,215,,TRUE,FALSE,,,,,FALSE,active
1-day-acuvue-define-vivid-style,,,,,,,,Power / Sphere (SPH),-1.50,,,,,ACU-DEF-VIV-30PK--1_50,100,shopify,50,deny,manual,215,,TRUE,FALSE,,,,,FALSE,active
1-day-acuvue-define-vivid-style,,,,,,,,Power / Sphere (SPH),-2.00,,,,,ACU-DEF-VIV-30PK--2_00,100,shopify,50,deny,manual,215,,TRUE,FALSE,,,,,FALSE,active
1-day-acuvue-define-vivid-style,,,,,,,,Power / Sphere (SPH),-2.50,,,,,ACU-DEF-VIV-30PK--2_50,100,shopify,50,deny,manual,215,,TRUE,FALSE,,,,,FALSE,active
1-day-acuvue-define-vivid-style,,,,,,,,Power / Sphere (SPH),-3.00,,,,,ACU-DEF-VIV-30PK--3_00,100,shopify,50,deny,manual,215,,TRUE,FALSE,,,,,FALSE,active
1-day-acuvue-define-vivid-style,,,,,,,,Power / Sphere (SPH),-3.50,,,,,ACU-DEF-VIV-30PK--3_50,100,shopify,50,deny,manual,215,,TRUE,FALSE,,,,,FALSE,active
1-day-acuvue-define-vivid-style,,,,,,,,Power / Sphere (SPH),-4.00,,,,,ACU-DEF-VIV-30PK--4_00,100,shopify,50,deny,manual,215,,TRUE,FALSE,,,,,FALSE,active
1-day-acuvue-define-vivid-style,,,,,,,,Power / Sphere (SPH),-5.00,,,,,ACU-DEF-VIV-30PK--5_00,100,shopify,50,deny,manual,215,,TRUE,FALSE,,,,,FALSE,active
1-day-acuvue-moist-90-pack,1 Day Acuvue Moist 90 Pack,"<p>Quarterly value pack with 90 daily disposable contact lenses with LACREON technology.</p><p dir=""rtl"" lang=""ar"">عبوة التوفير الفصلية تحتوي على 90 عدسة يومية أصلية بتقنية الترطيب المتقدمة.</p><ul><li><strong>Replacement Schedule:</strong> DAILY DISPOSABLE</li><li><strong>Pack Size:</strong> 90 Lenses</li><li><strong>Base Curve (BC):</strong> 8.5 mm</li><li><strong>Diameter (DIA):</strong> 14.2 mm</li><li><strong>Water Content:</strong> 58%</li></ul>",Acuvue,Health & Beauty > Personal Care > Vision Care,Medical Contact Lenses,"EyeNova, Qatar Luxury, Doha, clear-lenses, vision-correction, medical, Acuvue",TRUE,Power / Sphere (SPH),-1.00,,,,,ACU-MST-90PK--1_00,100,shopify,40,deny,manual,428,,TRUE,FALSE,,https://images.unsplash.com/photo-1588776814546-1ffcf47267a5?w=600&auto=format&fit=crop,1,1 Day Acuvue Moist 90 Pack,FALSE,active
1-day-acuvue-moist-90-pack,,,,,,,,Power / Sphere (SPH),-1.50,,,,,ACU-MST-90PK--1_50,100,shopify,40,deny,manual,428,,TRUE,FALSE,,,,,FALSE,active
1-day-acuvue-moist-90-pack,,,,,,,,Power / Sphere (SPH),-2.00,,,,,ACU-MST-90PK--2_00,100,shopify,40,deny,manual,428,,TRUE,FALSE,,,,,FALSE,active
1-day-acuvue-moist-90-pack,,,,,,,,Power / Sphere (SPH),-2.50,,,,,ACU-MST-90PK--2_50,100,shopify,40,deny,manual,428,,TRUE,FALSE,,,,,FALSE,active
1-day-acuvue-moist-90-pack,,,,,,,,Power / Sphere (SPH),-3.00,,,,,ACU-MST-90PK--3_00,100,shopify,40,deny,manual,428,,TRUE,FALSE,,,,,FALSE,active
1-day-acuvue-moist-90-pack,,,,,,,,Power / Sphere (SPH),-3.50,,,,,ACU-MST-90PK--3_50,100,shopify,40,deny,manual,428,,TRUE,FALSE,,,,,FALSE,active
1-day-acuvue-moist-90-pack,,,,,,,,Power / Sphere (SPH),-4.00,,,,,ACU-MST-90PK--4_00,100,shopify,40,deny,manual,428,,TRUE,FALSE,,,,,FALSE,active
1-day-acuvue-moist-90-pack,,,,,,,,Power / Sphere (SPH),-4.50,,,,,ACU-MST-90PK--4_50,100,shopify,40,deny,manual,428,,TRUE,FALSE,,,,,FALSE,active
1-day-acuvue-moist-90-pack,,,,,,,,Power / Sphere (SPH),-5.00,,,,,ACU-MST-90PK--5_00,100,shopify,40,deny,manual,428,,TRUE,FALSE,,,,,FALSE,active
1-day-acuvue-moist-90-pack,,,,,,,,Power / Sphere (SPH),-5.50,,,,,ACU-MST-90PK--5_50,100,shopify,40,deny,manual,428,,TRUE,FALSE,,,,,FALSE,active
1-day-acuvue-moist-90-pack,,,,,,,,Power / Sphere (SPH),-6.00,,,,,ACU-MST-90PK--6_00,100,shopify,40,deny,manual,428,,TRUE,FALSE,,,,,FALSE,active
1-day-acuvue-moist-for-astigmatism,1 Day Acuvue Moist for Astigmatism,"<p>Blink stabilized design providing crisp, steady vision for people with astigmatism.</p><p dir=""rtl"" lang=""ar"">تصميم ثابت مع الرمش يمنحك رؤية حادة ومستقرة طوال اليوم لمرضى الاستجماتيزم.</p><ul><li><strong>Replacement Schedule:</strong> DAILY DISPOSABLE</li><li><strong>Pack Size:</strong> 30 Lenses</li><li><strong>Base Curve (BC):</strong> 8.5 mm</li><li><strong>Diameter (DIA):</strong> 14.5 mm</li><li><strong>Water Content:</strong> 58%</li></ul>",Acuvue,Health & Beauty > Personal Care > Vision Care,Medical Contact Lenses,"EyeNova, Qatar Luxury, Doha, clear-lenses, vision-correction, medical, Acuvue",TRUE,Power / Sphere (SPH),-0.75,,,,,ACU-MST-AST-30PK--0_75,100,shopify,45,deny,manual,230,,TRUE,FALSE,,https://images.unsplash.com/photo-1588776814546-1ffcf47267a5?w=600&auto=format&fit=crop,1,1 Day Acuvue Moist for Astigmatism,FALSE,active
1-day-acuvue-moist-for-astigmatism,,,,,,,,Power / Sphere (SPH),-1.00,,,,,ACU-MST-AST-30PK--1_00,100,shopify,45,deny,manual,230,,TRUE,FALSE,,,,,FALSE,active
1-day-acuvue-moist-for-astigmatism,,,,,,,,Power / Sphere (SPH),-1.50,,,,,ACU-MST-AST-30PK--1_50,100,shopify,45,deny,manual,230,,TRUE,FALSE,,,,,FALSE,active
1-day-acuvue-moist-for-astigmatism,,,,,,,,Power / Sphere (SPH),-2.00,,,,,ACU-MST-AST-30PK--2_00,100,shopify,45,deny,manual,230,,TRUE,FALSE,,,,,FALSE,active
1-day-acuvue-moist-for-astigmatism,,,,,,,,Power / Sphere (SPH),-2.50,,,,,ACU-MST-AST-30PK--2_50,100,shopify,45,deny,manual,230,,TRUE,FALSE,,,,,FALSE,active
1-day-acuvue-moist-for-astigmatism,,,,,,,,Power / Sphere (SPH),-3.00,,,,,ACU-MST-AST-30PK--3_00,100,shopify,45,deny,manual,230,,TRUE,FALSE,,,,,FALSE,active
1-day-acuvue-moist-for-astigmatism,,,,,,,,Power / Sphere (SPH),-3.50,,,,,ACU-MST-AST-30PK--3_50,100,shopify,45,deny,manual,230,,TRUE,FALSE,,,,,FALSE,active
1-day-acuvue-moist-for-astigmatism,,,,,,,,Power / Sphere (SPH),-4.00,,,,,ACU-MST-AST-30PK--4_00,100,shopify,45,deny,manual,230,,TRUE,FALSE,,,,,FALSE,active
1-day-acuvue-moist-for-astigmatism,,,,,,,,Power / Sphere (SPH),-4.50,,,,,ACU-MST-AST-30PK--4_50,100,shopify,45,deny,manual,230,,TRUE,FALSE,,,,,FALSE,active
1-day-acuvue-moist-for-astigmatism,,,,,,,,Power / Sphere (SPH),-5.00,,,,,ACU-MST-AST-30PK--5_00,100,shopify,45,deny,manual,230,,TRUE,FALSE,,,,,FALSE,active
acuvue-oasys-1-day-hydraluxe,Acuvue Oasys 1 DAY with HydraLuxe,"<p>Tear-infused design mimicking your natural tear film for demanding digital screen use.</p><p dir=""rtl"" lang=""ar"">تصميم متكامل مع الدموع الطبيعية لتقليل إجهاد العين أمام الشاشات الرقمية.</p><ul><li><strong>Replacement Schedule:</strong> DAILY DISPOSABLE</li><li><strong>Pack Size:</strong> 30 Lenses</li><li><strong>Base Curve (BC):</strong> 8.5 mm</li><li><strong>Diameter (DIA):</strong> 14.3 mm</li><li><strong>Water Content:</strong> 38%</li></ul>",Acuvue,Health & Beauty > Personal Care > Vision Care,Medical Contact Lenses,"EyeNova, Qatar Luxury, Doha, clear-lenses, vision-correction, medical, Acuvue",TRUE,Power / Sphere (SPH),-0.50,,,,,ACU-OAS-HYD-30PK--0_50,100,shopify,95,deny,manual,195,,TRUE,FALSE,,https://images.unsplash.com/photo-1588776814546-1ffcf47267a5?w=600&auto=format&fit=crop,1,Acuvue Oasys 1 DAY with HydraLuxe,FALSE,active
acuvue-oasys-1-day-hydraluxe,,,,,,,,Power / Sphere (SPH),-0.75,,,,,ACU-OAS-HYD-30PK--0_75,100,shopify,95,deny,manual,195,,TRUE,FALSE,,,,,FALSE,active
acuvue-oasys-1-day-hydraluxe,,,,,,,,Power / Sphere (SPH),-1.00,,,,,ACU-OAS-HYD-30PK--1_00,100,shopify,95,deny,manual,195,,TRUE,FALSE,,,,,FALSE,active
acuvue-oasys-1-day-hydraluxe,,,,,,,,Power / Sphere (SPH),-1.50,,,,,ACU-OAS-HYD-30PK--1_50,100,shopify,95,deny,manual,195,,TRUE,FALSE,,,,,FALSE,active
acuvue-oasys-1-day-hydraluxe,,,,,,,,Power / Sphere (SPH),-2.00,,,,,ACU-OAS-HYD-30PK--2_00,100,shopify,95,deny,manual,195,,TRUE,FALSE,,,,,FALSE,active
acuvue-oasys-1-day-hydraluxe,,,,,,,,Power / Sphere (SPH),-2.50,,,,,ACU-OAS-HYD-30PK--2_50,100,shopify,95,deny,manual,195,,TRUE,FALSE,,,,,FALSE,active
acuvue-oasys-1-day-hydraluxe,,,,,,,,Power / Sphere (SPH),-3.00,,,,,ACU-OAS-HYD-30PK--3_00,100,shopify,95,deny,manual,195,,TRUE,FALSE,,,,,FALSE,active
acuvue-oasys-1-day-hydraluxe,,,,,,,,Power / Sphere (SPH),-3.50,,,,,ACU-OAS-HYD-30PK--3_50,100,shopify,95,deny,manual,195,,TRUE,FALSE,,,,,FALSE,active
acuvue-oasys-1-day-hydraluxe,,,,,,,,Power / Sphere (SPH),-4.00,,,,,ACU-OAS-HYD-30PK--4_00,100,shopify,95,deny,manual,195,,TRUE,FALSE,,,,,FALSE,active
acuvue-oasys-1-day-hydraluxe,,,,,,,,Power / Sphere (SPH),-4.50,,,,,ACU-OAS-HYD-30PK--4_50,100,shopify,95,deny,manual,195,,TRUE,FALSE,,,,,FALSE,active
acuvue-oasys-1-day-hydraluxe,,,,,,,,Power / Sphere (SPH),-5.00,,,,,ACU-OAS-HYD-30PK--5_00,100,shopify,95,deny,manual,195,,TRUE,FALSE,,,,,FALSE,active
acuvue-oasys-1-day-hydraluxe,,,,,,,,Power / Sphere (SPH),-6.00,,,,,ACU-OAS-HYD-30PK--6_00,100,shopify,95,deny,manual,195,,TRUE,FALSE,,,,,FALSE,active
alcon-dailies-total-1,Dailies Total 1,"<p>Water gradient technology providing nearly 100% water at the outermost surface.</p><p dir=""rtl"" lang=""ar"">تقنية التدرج المائي التي تقترب من 100% ماء على السطح الخارجي للعدسة.</p><ul><li><strong>Replacement Schedule:</strong> DAILY DISPOSABLE</li><li><strong>Pack Size:</strong> 30 Lenses</li><li><strong>Base Curve (BC):</strong> 8.5 mm</li><li><strong>Diameter (DIA):</strong> 14.1 mm</li><li><strong>Water Content:</strong> 33%</li></ul>",Alcon,Health & Beauty > Personal Care > Vision Care,Medical Contact Lenses,"EyeNova, Qatar Luxury, Doha, clear-lenses, vision-correction, medical, Alcon",TRUE,Power / Sphere (SPH),-0.50,,,,,ALC-DT1-30PK--0_50,100,shopify,70,deny,manual,225,,TRUE,FALSE,,https://images.unsplash.com/photo-1588776814546-1ffcf47267a5?w=600&auto=format&fit=crop,1,Dailies Total 1,FALSE,active
alcon-dailies-total-1,,,,,,,,Power / Sphere (SPH),-1.00,,,,,ALC-DT1-30PK--1_00,100,shopify,70,deny,manual,225,,TRUE,FALSE,,,,,FALSE,active
alcon-dailies-total-1,,,,,,,,Power / Sphere (SPH),-1.50,,,,,ALC-DT1-30PK--1_50,100,shopify,70,deny,manual,225,,TRUE,FALSE,,,,,FALSE,active
alcon-dailies-total-1,,,,,,,,Power / Sphere (SPH),-2.00,,,,,ALC-DT1-30PK--2_00,100,shopify,70,deny,manual,225,,TRUE,FALSE,,,,,FALSE,active
alcon-dailies-total-1,,,,,,,,Power / Sphere (SPH),-2.50,,,,,ALC-DT1-30PK--2_50,100,shopify,70,deny,manual,225,,TRUE,FALSE,,,,,FALSE,active
alcon-dailies-total-1,,,,,,,,Power / Sphere (SPH),-3.00,,,,,ALC-DT1-30PK--3_00,100,shopify,70,deny,manual,225,,TRUE,FALSE,,,,,FALSE,active
alcon-dailies-total-1,,,,,,,,Power / Sphere (SPH),-3.50,,,,,ALC-DT1-30PK--3_50,100,shopify,70,deny,manual,225,,TRUE,FALSE,,,,,FALSE,active
alcon-dailies-total-1,,,,,,,,Power / Sphere (SPH),-4.00,,,,,ALC-DT1-30PK--4_00,100,shopify,70,deny,manual,225,,TRUE,FALSE,,,,,FALSE,active
alcon-dailies-total-1,,,,,,,,Power / Sphere (SPH),-5.00,,,,,ALC-DT1-30PK--5_00,100,shopify,70,deny,manual,225,,TRUE,FALSE,,,,,FALSE,active
alcon-dailies-total-1,,,,,,,,Power / Sphere (SPH),-6.00,,,,,ALC-DT1-30PK--6_00,100,shopify,70,deny,manual,225,,TRUE,FALSE,,,,,FALSE,active
dailies-aquacomfort-plus,Dailies AquaComfort Plus,"<p>Blink-activated moisture technology for refreshing comfort throughout the day.</p><p dir=""rtl"" lang=""ar"">تقنية الترطيب المفعلة مع الرمش لراحة مستمرة ومنعشة طوال اليوم.</p><ul><li><strong>Replacement Schedule:</strong> DAILY DISPOSABLE</li><li><strong>Pack Size:</strong> 30 Lenses</li><li><strong>Base Curve (BC):</strong> 8.7 mm</li><li><strong>Diameter (DIA):</strong> 14 mm</li><li><strong>Water Content:</strong> 69%</li></ul>",Alcon,Health & Beauty > Personal Care > Vision Care,Medical Contact Lenses,"EyeNova, Qatar Luxury, Doha, clear-lenses, vision-correction, medical, Alcon",TRUE,Power / Sphere (SPH),-0.50,,,,,ALC-DAC-30PK--0_50,100,shopify,80,deny,manual,175,,TRUE,FALSE,,https://images.unsplash.com/photo-1588776814546-1ffcf47267a5?w=600&auto=format&fit=crop,1,Dailies AquaComfort Plus,FALSE,active
dailies-aquacomfort-plus,,,,,,,,Power / Sphere (SPH),-0.75,,,,,ALC-DAC-30PK--0_75,100,shopify,80,deny,manual,175,,TRUE,FALSE,,,,,FALSE,active
dailies-aquacomfort-plus,,,,,,,,Power / Sphere (SPH),-1.00,,,,,ALC-DAC-30PK--1_00,100,shopify,80,deny,manual,175,,TRUE,FALSE,,,,,FALSE,active
dailies-aquacomfort-plus,,,,,,,,Power / Sphere (SPH),-1.25,,,,,ALC-DAC-30PK--1_25,100,shopify,80,deny,manual,175,,TRUE,FALSE,,,,,FALSE,active
dailies-aquacomfort-plus,,,,,,,,Power / Sphere (SPH),-1.50,,,,,ALC-DAC-30PK--1_50,100,shopify,80,deny,manual,175,,TRUE,FALSE,,,,,FALSE,active
dailies-aquacomfort-plus,,,,,,,,Power / Sphere (SPH),-1.75,,,,,ALC-DAC-30PK--1_75,100,shopify,80,deny,manual,175,,TRUE,FALSE,,,,,FALSE,active
dailies-aquacomfort-plus,,,,,,,,Power / Sphere (SPH),-2.00,,,,,ALC-DAC-30PK--2_00,100,shopify,80,deny,manual,175,,TRUE,FALSE,,,,,FALSE,active
dailies-aquacomfort-plus,,,,,,,,Power / Sphere (SPH),-2.25,,,,,ALC-DAC-30PK--2_25,100,shopify,80,deny,manual,175,,TRUE,FALSE,,,,,FALSE,active
dailies-aquacomfort-plus,,,,,,,,Power / Sphere (SPH),-2.50,,,,,ALC-DAC-30PK--2_50,100,shopify,80,deny,manual,175,,TRUE,FALSE,,,,,FALSE,active
dailies-aquacomfort-plus,,,,,,,,Power / Sphere (SPH),-3.00,,,,,ALC-DAC-30PK--3_00,100,shopify,80,deny,manual,175,,TRUE,FALSE,,,,,FALSE,active
dailies-aquacomfort-plus,,,,,,,,Power / Sphere (SPH),-3.50,,,,,ALC-DAC-30PK--3_50,100,shopify,80,deny,manual,175,,TRUE,FALSE,,,,,FALSE,active
dailies-aquacomfort-plus,,,,,,,,Power / Sphere (SPH),-4.00,,,,,ALC-DAC-30PK--4_00,100,shopify,80,deny,manual,175,,TRUE,FALSE,,,,,FALSE,active
dailies-aquacomfort-plus,,,,,,,,Power / Sphere (SPH),-4.50,,,,,ALC-DAC-30PK--4_50,100,shopify,80,deny,manual,175,,TRUE,FALSE,,,,,FALSE,active
dailies-aquacomfort-plus,,,,,,,,Power / Sphere (SPH),-5.00,,,,,ALC-DAC-30PK--5_00,100,shopify,80,deny,manual,175,,TRUE,FALSE,,,,,FALSE,active
dailies-aquacomfort-plus,,,,,,,,Power / Sphere (SPH),-5.50,,,,,ALC-DAC-30PK--5_50,100,shopify,80,deny,manual,175,,TRUE,FALSE,,,,,FALSE,active
dailies-aquacomfort-plus,,,,,,,,Power / Sphere (SPH),-6.00,,,,,ALC-DAC-30PK--6_00,100,shopify,80,deny,manual,175,,TRUE,FALSE,,,,,FALSE,active
air-optix-plus-hydraglyde-6-pack,Air Optix plus HydraGlyde 6 pack,"<p>SmartShield Technology for excellent lipid deposit resistance and HydraGlyde Moisture Matrix.</p><p dir=""rtl"" lang=""ar"">تقنية سمارت شيلد لمقاومة الرواسب مع مصفوفة ترطيب هايدراجلايد لراحة شهرية استثنائية.</p><ul><li><strong>Replacement Schedule:</strong> MONTHLY</li><li><strong>Pack Size:</strong> 6 Lenses</li><li><strong>Base Curve (BC):</strong> 8.6 mm</li><li><strong>Diameter (DIA):</strong> 14.2 mm</li><li><strong>Water Content:</strong> 33%</li></ul>",Alcon,Health & Beauty > Personal Care > Vision Care,Medical Contact Lenses,"EyeNova, Qatar Luxury, Doha, clear-lenses, vision-correction, medical, Alcon",TRUE,Power / Sphere (SPH),-0.50,,,,,ALC-AOPT-6PK--0_50,100,shopify,90,deny,manual,220,,TRUE,FALSE,,https://images.unsplash.com/photo-1588776814546-1ffcf47267a5?w=600&auto=format&fit=crop,1,Air Optix plus HydraGlyde 6 pack,FALSE,active
air-optix-plus-hydraglyde-6-pack,,,,,,,,Power / Sphere (SPH),-0.75,,,,,ALC-AOPT-6PK--0_75,100,shopify,90,deny,manual,220,,TRUE,FALSE,,,,,FALSE,active
air-optix-plus-hydraglyde-6-pack,,,,,,,,Power / Sphere (SPH),-1.00,,,,,ALC-AOPT-6PK--1_00,100,shopify,90,deny,manual,220,,TRUE,FALSE,,,,,FALSE,active
air-optix-plus-hydraglyde-6-pack,,,,,,,,Power / Sphere (SPH),-1.25,,,,,ALC-AOPT-6PK--1_25,100,shopify,90,deny,manual,220,,TRUE,FALSE,,,,,FALSE,active
air-optix-plus-hydraglyde-6-pack,,,,,,,,Power / Sphere (SPH),-1.50,,,,,ALC-AOPT-6PK--1_50,100,shopify,90,deny,manual,220,,TRUE,FALSE,,,,,FALSE,active
air-optix-plus-hydraglyde-6-pack,,,,,,,,Power / Sphere (SPH),-1.75,,,,,ALC-AOPT-6PK--1_75,100,shopify,90,deny,manual,220,,TRUE,FALSE,,,,,FALSE,active
air-optix-plus-hydraglyde-6-pack,,,,,,,,Power / Sphere (SPH),-2.00,,,,,ALC-AOPT-6PK--2_00,100,shopify,90,deny,manual,220,,TRUE,FALSE,,,,,FALSE,active
air-optix-plus-hydraglyde-6-pack,,,,,,,,Power / Sphere (SPH),-2.25,,,,,ALC-AOPT-6PK--2_25,100,shopify,90,deny,manual,220,,TRUE,FALSE,,,,,FALSE,active
air-optix-plus-hydraglyde-6-pack,,,,,,,,Power / Sphere (SPH),-2.50,,,,,ALC-AOPT-6PK--2_50,100,shopify,90,deny,manual,220,,TRUE,FALSE,,,,,FALSE,active
air-optix-plus-hydraglyde-6-pack,,,,,,,,Power / Sphere (SPH),-3.00,,,,,ALC-AOPT-6PK--3_00,100,shopify,90,deny,manual,220,,TRUE,FALSE,,,,,FALSE,active
air-optix-plus-hydraglyde-6-pack,,,,,,,,Power / Sphere (SPH),-3.50,,,,,ALC-AOPT-6PK--3_50,100,shopify,90,deny,manual,220,,TRUE,FALSE,,,,,FALSE,active
air-optix-plus-hydraglyde-6-pack,,,,,,,,Power / Sphere (SPH),-4.00,,,,,ALC-AOPT-6PK--4_00,100,shopify,90,deny,manual,220,,TRUE,FALSE,,,,,FALSE,active
air-optix-plus-hydraglyde-6-pack,,,,,,,,Power / Sphere (SPH),-4.50,,,,,ALC-AOPT-6PK--4_50,100,shopify,90,deny,manual,220,,TRUE,FALSE,,,,,FALSE,active
air-optix-plus-hydraglyde-6-pack,,,,,,,,Power / Sphere (SPH),-5.00,,,,,ALC-AOPT-6PK--5_00,100,shopify,90,deny,manual,220,,TRUE,FALSE,,,,,FALSE,active
air-optix-plus-hydraglyde-6-pack,,,,,,,,Power / Sphere (SPH),-5.50,,,,,ALC-AOPT-6PK--5_50,100,shopify,90,deny,manual,220,,TRUE,FALSE,,,,,FALSE,active
air-optix-plus-hydraglyde-6-pack,,,,,,,,Power / Sphere (SPH),-6.00,,,,,ALC-AOPT-6PK--6_00,100,shopify,90,deny,manual,220,,TRUE,FALSE,,,,,FALSE,active
air-optix-plus-hydraglyde-6-pack,,,,,,,,Power / Sphere (SPH),-6.50,,,,,ALC-AOPT-6PK--6_50,100,shopify,90,deny,manual,220,,TRUE,FALSE,,,,,FALSE,active
air-optix-plus-hydraglyde-6-pack,,,,,,,,Power / Sphere (SPH),-7.00,,,,,ALC-AOPT-6PK--7_00,100,shopify,90,deny,manual,220,,TRUE,FALSE,,,,,FALSE,active
air-optix-plus-hydraglyde-6-pack,,,,,,,,Power / Sphere (SPH),-8.00,,,,,ALC-AOPT-6PK--8_00,100,shopify,90,deny,manual,220,,TRUE,FALSE,,,,,FALSE,active
biofinity-monthly-6-pack,Biofinity Monthly Clear Contact Lenses (6 Lenses / Box),"<p>Aquaform technology delivers high oxygen transmission for crisp monthly wear.</p><p dir=""rtl"" lang=""ar"">تقنية أكوا فورم لنفاذية أكسجين فائقة وراحة استثنائية طوال الشهر.</p><ul><li><strong>Replacement Schedule:</strong> MONTHLY</li><li><strong>Pack Size:</strong> 6 Lenses</li><li><strong>Base Curve (BC):</strong> 8.6 mm</li><li><strong>Diameter (DIA):</strong> 14 mm</li><li><strong>Water Content:</strong> 48%</li></ul>",CooperVision,Health & Beauty > Personal Care > Vision Care,Medical Contact Lenses,"EyeNova, Qatar Luxury, Doha, clear-lenses, vision-correction, medical, CooperVision",TRUE,Power / Sphere (SPH),-0.50,,,,,BIO-MTH-6PK--0_50,100,shopify,85,deny,manual,175,,TRUE,FALSE,,https://images.unsplash.com/photo-1588776814546-1ffcf47267a5?w=600&auto=format&fit=crop,1,Biofinity Monthly Clear Contact Lenses (6 Lenses / Box),FALSE,active
biofinity-monthly-6-pack,,,,,,,,Power / Sphere (SPH),-0.75,,,,,BIO-MTH-6PK--0_75,100,shopify,85,deny,manual,175,,TRUE,FALSE,,,,,FALSE,active
biofinity-monthly-6-pack,,,,,,,,Power / Sphere (SPH),-1.00,,,,,BIO-MTH-6PK--1_00,100,shopify,85,deny,manual,175,,TRUE,FALSE,,,,,FALSE,active
biofinity-monthly-6-pack,,,,,,,,Power / Sphere (SPH),-1.25,,,,,BIO-MTH-6PK--1_25,100,shopify,85,deny,manual,175,,TRUE,FALSE,,,,,FALSE,active
biofinity-monthly-6-pack,,,,,,,,Power / Sphere (SPH),-1.50,,,,,BIO-MTH-6PK--1_50,100,shopify,85,deny,manual,175,,TRUE,FALSE,,,,,FALSE,active
biofinity-monthly-6-pack,,,,,,,,Power / Sphere (SPH),-2.00,,,,,BIO-MTH-6PK--2_00,100,shopify,85,deny,manual,175,,TRUE,FALSE,,,,,FALSE,active
biofinity-monthly-6-pack,,,,,,,,Power / Sphere (SPH),-2.50,,,,,BIO-MTH-6PK--2_50,100,shopify,85,deny,manual,175,,TRUE,FALSE,,,,,FALSE,active
biofinity-monthly-6-pack,,,,,,,,Power / Sphere (SPH),-3.00,,,,,BIO-MTH-6PK--3_00,100,shopify,85,deny,manual,175,,TRUE,FALSE,,,,,FALSE,active
biofinity-monthly-6-pack,,,,,,,,Power / Sphere (SPH),-3.50,,,,,BIO-MTH-6PK--3_50,100,shopify,85,deny,manual,175,,TRUE,FALSE,,,,,FALSE,active
biofinity-monthly-6-pack,,,,,,,,Power / Sphere (SPH),-4.00,,,,,BIO-MTH-6PK--4_00,100,shopify,85,deny,manual,175,,TRUE,FALSE,,,,,FALSE,active
biofinity-monthly-6-pack,,,,,,,,Power / Sphere (SPH),-4.50,,,,,BIO-MTH-6PK--4_50,100,shopify,85,deny,manual,175,,TRUE,FALSE,,,,,FALSE,active
biofinity-monthly-6-pack,,,,,,,,Power / Sphere (SPH),-5.00,,,,,BIO-MTH-6PK--5_00,100,shopify,85,deny,manual,175,,TRUE,FALSE,,,,,FALSE,active
biofinity-monthly-6-pack,,,,,,,,Power / Sphere (SPH),-6.00,,,,,BIO-MTH-6PK--6_00,100,shopify,85,deny,manual,175,,TRUE,FALSE,,,,,FALSE,active
biofinity-monthly-6-pack,,,,,,,,Power / Sphere (SPH),-7.00,,,,,BIO-MTH-6PK--7_00,100,shopify,85,deny,manual,175,,TRUE,FALSE,,,,,FALSE,active
opti-free-puremoist-300ml,Opti-Free PureMoist Multi-Purpose Solution (300ml),"<p>HydraGlyde Moisture Matrix creates a continuous shield of moisture for soft contact lenses.</p><p dir=""rtl"" lang=""ar"">محلول التعقيم الشامل الذي يوفر غلاف ترطيب مستمر للعدسات طوال اليوم.</p><ul></ul>",Alcon,Health & Beauty > Personal Care > Vision Care,Contact Lens Solution & Care,"EyeNova, Qatar Luxury, Doha, solution, eye-drops, lens-care, Alcon",TRUE,Title,Default Title,,,,,OPT-PUR-300ML,150,shopify,150,deny,manual,45,,TRUE,FALSE,,https://images.unsplash.com/photo-1607613009820-a29f7bb81c04?w=600&auto=format&fit=crop,1,Opti-Free PureMoist Multi-Purpose Solution (300ml),FALSE,active
biotrue-multi-purpose-solution,Biotrue Multi-Purpose Solution for Soft Lenses (300ml),"<p>Formulated to match the pH of healthy tears with natural lubricants found in the eye.</p><p dir=""rtl"" lang=""ar"">محلول متوازن مع حموضة الدموع الطبيعية لتعقيم فائق بدون أي تهيج للعين.</p><ul></ul>",Bausch & Lomb,Health & Beauty > Personal Care > Vision Care,Contact Lens Solution & Care,"EyeNova, Qatar Luxury, Doha, solution, eye-drops, lens-care, Bausch & Lomb",TRUE,Title,Default Title,,,,,BIO-SOL-300ML,150,shopify,90,deny,manual,50,,TRUE,FALSE,,https://images.unsplash.com/photo-1584017911766-d451b3d0e843?w=600&auto=format&fit=crop,1,Biotrue Multi-Purpose Solution for Soft Lenses (300ml),FALSE,active
systane-ultra-eye-drops,Systane Ultra Lubricant Eye Drops (10ml),"<p>Instant relief from burning and irritation caused by dry eye syndrome and contact lenses.</p><p dir=""rtl"" lang=""ar"">ترطيب فوري وحماية متقدمة من جفاف العين والإجهاد الناتج عن ارتداء العدسات.</p><ul></ul>",Alcon,Health & Beauty > Personal Care > Vision Care,Contact Lens Solution & Care,"EyeNova, Qatar Luxury, Doha, solution, eye-drops, lens-care, Alcon",TRUE,Title,Default Title,,,,,SYS-ULT-10ML,150,shopify,110,deny,manual,40,,TRUE,FALSE,,https://images.unsplash.com/photo-1628771065518-0d82f1938462?w=600&auto=format&fit=crop,1,Systane Ultra Lubricant Eye Drops (10ml),FALSE,active
refresh-plus-lubricant-drops,Refresh Plus Preservative-Free Lubricant Drops (30 Vials),"<p>Single-use preservative-free vials safe to use directly with contact lenses.</p><p dir=""rtl"" lang=""ar"">أمبولات استخدام فردي خالية من المواد الحافظة آمنة تماماً مع العدسات اللاصقة.</p><ul></ul>",Allergan,Health & Beauty > Personal Care > Vision Care,Contact Lens Solution & Care,"EyeNova, Qatar Luxury, Doha, solution, eye-drops, lens-care, Allergan",TRUE,Title,Default Title,,,,,REF-PLS-30VL,150,shopify,80,deny,manual,48,,TRUE,FALSE,,https://images.unsplash.com/photo-1587854692152-cbe660dbde88?w=600&auto=format&fit=crop,1,Refresh Plus Preservative-Free Lubricant Drops (30 Vials),FALSE,active
eyenova-pure-titanium-black,EyeNova Pure Titanium Ultra-Light Frame,"<p>Japanese pure titanium frame weighing only 14 grams. Corrosion resistant & hypoallergenic.</p><p dir=""rtl"" lang=""ar"">إطار تيتانيوم نقي ياباني بوزن 14 جرام فقط. مقاوم للتآكل ولطيف على البشرة.</p><ul><li><strong>Lens Width:</strong> 52 mm</li><li><strong>Bridge Width:</strong> 18 mm</li><li><strong>Temple Length:</strong> 140 mm</li></ul>",EyeNova,Health & Beauty > Personal Care > Vision Care,Optical Eyeglasses,"EyeNova, Qatar Luxury, Doha, eyeglasses, optical-frames, prescription-ready, EyeNova",TRUE,Title,Default Title,,,,,EYE-TIT-BLK-15,150,shopify,25,deny,manual,295,350,TRUE,FALSE,,https://images.unsplash.com/photo-1572635196237-14b3f281503f?w=600&auto=format&fit=crop,1,EyeNova Pure Titanium Ultra-Light Frame,FALSE,active
eyenova-tr90-blue-shield,EyeNova TR90 Flexible Frame with Blue Light Shield,"<p>Flexible featherlight Swiss TR90 material with UV420 Blue Light Shield lenses included.</p><p dir=""rtl"" lang=""ar"">مادة سويسرية مرنة وخفيفة الوزن مزودة بعدسات حماية متقدمة من أشعة الشاشات الزرقاء.</p><ul><li><strong>Lens Width:</strong> 50 mm</li><li><strong>Bridge Width:</strong> 19 mm</li><li><strong>Temple Length:</strong> 142 mm</li></ul>",EyeNova,Health & Beauty > Personal Care > Vision Care,Optical Eyeglasses,"EyeNova, Qatar Luxury, Doha, eyeglasses, optical-frames, prescription-ready, EyeNova",TRUE,Title,Default Title,,,,,EYE-TR90-BLU-16,150,shopify,35,deny,manual,185,220,TRUE,FALSE,,https://images.unsplash.com/photo-1591076482161-42ce6da69f67?w=600&auto=format&fit=crop,1,EyeNova TR90 Flexible Frame with Blue Light Shield,FALSE,active
eyenova-polarized-aviator-sunglasses,EyeNova Polarized Luxury Aviator Sunglasses,"<p>Classic teardrop gold-tone metal frame with HD polarized UV400 glare protection.</p><p dir=""rtl"" lang=""ar"">إطار معدني ذهبي كلاسيكي مع عدسات مستقطبة عالية الدقة لحجب وهج الشمس.</p><ul><li><strong>Lens Width:</strong> 58 mm</li><li><strong>Bridge Width:</strong> 14 mm</li><li><strong>Temple Length:</strong> 145 mm</li></ul>",EyeNova,Health & Beauty > Personal Care > Vision Care,Sunglasses,"EyeNova, Qatar Luxury, Doha, sunglasses, uv-protection, luxury-shades, EyeNova",TRUE,Title,Default Title,,,,,SUN-AVI-POL-17,150,shopify,30,deny,manual,240,280,TRUE,FALSE,,https://images.unsplash.com/photo-1511499767150-a48a237f0083?w=600&auto=format&fit=crop,1,EyeNova Polarized Luxury Aviator Sunglasses,FALSE,active
eyenova-silk-lashes-doha-glow,EyeNova Luxury 3D Silk Lashes - Doha Glow,"<p>Handcrafted cruelty-free faux mink lashes with a flexible invisible cotton band.</p><p dir=""rtl"" lang=""ar"">رموش حريرية ثلاثية الأبعاد مصنعة يدوياً بشريط قطني مرن غير مرئي لراحة تامة.</p><ul></ul>",EyeNova,Health & Beauty > Personal Care > Vision Care,Lashes & Beauty,"EyeNova, Qatar Luxury, Doha, lashes, beauty, glamour, EyeNova",TRUE,Title,Default Title,,,,,LSH-DOH-01,150,shopify,75,deny,manual,65,,TRUE,FALSE,,https://images.unsplash.com/photo-1583001931096-959e9a1a6223?w=600&auto=format&fit=crop,1,EyeNova Luxury 3D Silk Lashes - Doha Glow,FALSE,active
compact-contact-lens-travel-kit,Compact Contact Lens Travel Kit with Inbuilt Mirror & Tweezers,"<p>Hygiene travel companion containing solution vial, tweezer, insertion wand & dual case.</p><p dir=""rtl"" lang=""ar"">طقم سفر مدمج وأنيق يحتوي على علبة عدسات، قارورة محلول، ملقط، وأداة وضع العدسات مع مرآة.</p><ul></ul>",EyeNova,Health & Beauty > Personal Care > Vision Care,Contact Lens Solution & Care,"EyeNova, Qatar Luxury, Doha, solution, eye-drops, lens-care, EyeNova",TRUE,Title,Default Title,,,,,KIT-TRV-ACC-19,150,shopify,120,deny,manual,25,,TRUE,FALSE,,https://images.unsplash.com/photo-1584308666744-24d5c474f2ae?w=600&auto=format&fit=crop,1,Compact Contact Lens Travel Kit with Inbuilt Mirror & Tweezers,FALSE,active